Thoroughfare,Street,Double Dependent Locality,Dependent Locality,Post Town,Postcode,Postcode Type,Mailsort SSC
ENTERPRISE WAY,AVIATION PARK,BOURNEMOUTH INTERNATIONAL AIRPORT,HURN,CHRISTCHURCH,BH23 6BS,L,92134
ENTERPRISE WAY,AVIATION PARK,BOURNEMOUTH INTERNATIONAL AIRPORT,HURN,CHRISTCHURCH,BH23 6HG,L,92134
WATERSIDE ORCHARD,BITTELL FARM ROAD,HOPWOOD,ALVECHURCH,BIRMINGHAM,B48 7AD,S,48234
WATERSIDE ORCHARD,BITTELL FARM ROAD,HOPWOOD,ALVECHURCH,BIRMINGHAM,B48 7AE,S,48234
GLAN-Y-LLYN INDUSTRIAL ESTATE,CARDIFF ROAD,GLAN-Y-LLYN,TAFFS WELL,CARDIFF,CF15 7JD,S,85254
BLYTHE VALLEY INNOVATION CENTRE,CENTRAL BOULEVARD,BLYTHE VALLEY PARK,SHIRLEY,SOLIHULL,B90 8AJ,S,48224
CHELVEY ESTATE,CHELVEY LANE,WEST TOWN,BACKWELL,BRISTOL,BS48 4AF,S,90213
MARLCLIFF VILLAS,CLEEVE ROAD,MARLCLIFF,BIDFORD-ON-AVON,ALCESTER,B50 4NG,S,48144
GROVE PLACE,DIXONS HILL ROAD,WELHAM GREEN,NORTH MYMMS,HATFIELD,AL9 7DG,S,59142
HIGHFIELDS,DOG LANE,NETHER WHITACRE,COLESHILL,BIRMINGHAM,B46 2DX,S,48144
AIRSIDE BUSINESS PARK,DYCE DRIVE,KIRKHILL INDUSTRIAL ESTATE,DYCE,ABERDEEN,AB21 0GT,S,17121
SAND BEDS LANE,GIN CROFT LANE,EDENFIELD,RAMSBOTTOM,BURY,BL0 0GQ,S,27317
THE GREEN,HARTHILL LANE,HARTHILL,TATTENHALL,CHESTER,CH3 9LH,S,30212
AIRPORT COMMERCE PARK,HOWE MOSS DRIVE,KIRKHILL INDUSTRIAL ESTATE,DYCE,ABERDEEN,AB21 0GF,S,17121
COTHAL VIEW,KIRKTON AVENUE,PITMEDDEN INDUSTRIAL ESTATE,DYCE,ABERDEEN,AB21 0BA,S,17121
LURGANBOY MEADOWS,MAIN STREET,LURGANBOY,NEWTOWNBUTLER,ENNISKILLEN,BT92 6SD,S,12131
ASHGROVE COURT,MAIN STREET,AGHAGAY,NEWTOWNBUTLER,ENNISKILLEN,BT92 8JU,S,12131
CATHERINE COURT,MANOR LANE,HAWARDEN INDUSTRIAL PARK,HAWARDEN,DEESIDE,CH5 3NU,S,30222
CLWYD CLOSE,MANOR LANE,HAWARDEN INDUSTRIAL PARK,HAWARDEN,DEESIDE,CH5 3PZ,S,30222
EASTWOOD COURT,MANOR LANE,HAWARDEN INDUSTRIAL PARK,HAWARDEN,DEESIDE,CH5 3QB,S,30222
AIRFIELD VIEW,MANOR LANE,HAWARDEN INDUSTRIAL PARK,HAWARDEN,DEESIDE,CH5 3QW,S,30222
CASTLE CLOSE,MANOR LANE,HAWARDEN INDUSTRIAL PARK,HAWARDEN,DEESIDE,CH5 3QX,S,30222
AIRFIELD VIEW,MANOR LANE,HAWARDEN INDUSTRIAL PARK,HAWARDEN,DEESIDE,CH5 3QZ,S,30222
REDHILL FARM BUSINESS PARK,MARSHACRE LANE,ELBERTON,OLVESTON,BRISTOL,BS35 4AL,S,90239
GREAT MORETON TERRACE,NEW ROAD,ACKERS CROSSING,MORETON,CONGLETON,CW12 3PB,S,28291
NEWTON TERRACE,NEWTON LANE,NEWTON-BY-TATTENHALL,TATTENHALL,CHESTER,CH3 9NB,S,30212
